{
  "welcomeFile": "/index.html",
  "authenticationMethod": "route",
  "routes": [
    {
      "source": "^/hellomta-approuter/(.*)$",
      "target": "$1",
      "localDir": ".",
      "cacheControl": "no-cache, no-store, must-revalidate",
      "authenticationType": "xsuaa"
    },
    {
      "source": "/user-api/currentUser$",
      "target": "/currentUser",
      "service": "sap-approuter-userapi"
    },
    {
      "source": "(.*)",
      "target": "/hellomtaui/$1",
      "service": "html5-apps-repo-rt",
      "authenticationType": "xsuaa"
    }
  ]
}